{"position":{"x":7.539935111999512,"y":0.0594942606985569,"z":6.372348308563232},"ammo":99,"health":10.0}